Label,Control File,Experiment File,Guide Sequence
ASXL1,ASXL1_Seq_1-primer_well_A1.ab1,ASXL1-primer_well_A1.ab1,"AGAACAAGCAGGGGUUGCUA,UAGCCUCCCCAUCCUUGUAG,UCUGCAGCACCCGACCUGGA"
ATXN3,ATXN3_Seq_1-primer_well_B1.ab1,ATXN3-primer_well_A1.ab1,"AGAUUAUCGCACGUUUUUAC,UGCACAUCAGCUGGAUGAGG,UGCCUGAAUAACUUAUUGCA"
ATXN3L,ATXN3L_Seq_1-primer_well_C1.ab1,ATXN3L-primer_well_B1.ab1,"AAAUGCAAGAUACUCUUCAC,AUCAGCUAGAUGAAGAAGAG,AUCUUUCAUGAGAAACAGGA"
ATXN7,ATXN7_Seq_1-primer_well_D1.ab1,ATXN7-primer_well_B1.ab1,"CCUUUGCUUUUGGACAGAGA,CAACAACUUGGAACUUGAUG,CUGAAUGGGAUGCAUUGGCC"
ATXN7L3,ATXN7L3_Seq_1-primer_well_E1.ab1,ATXN7L3-primer_well_C1.ab1,"CUCACCGGCGGUUGGCGAUU,GCAAUGCUGCGACUGCAAUU,GAUCGUGGACCAGCCGGGCU"
BABAM1,BABAM1_Seq_1-primer_well_F1.ab1,BABAM1-primer_well_C1.ab1,"CCACACAGGAGCCAUGGAAG,AGGAGCACUCGGCAGAGCCU,AGUAGGGGCACAGGCCAGCG"
BAP1,BAP1_Seq_1-primer_well_G1.ab1,BAP1-primer_well_D1.ab1,"GGUGCCUACCAUGGUCAAUG,GUCAGCUAUGUGCCUAUCAC,UAAGGCCAUUCUGCUUCUCA"
BRCC3,BRCC3_Seq_1-primer_well_H1.ab1,BRCC3-primer_well_D1.ab1,"CACAGGUUGGCUGAACUGAC,UGAUACUUACCAACAUGUGA,AAUAACCAUACCCUAUGUAA"
BRE,BRE_Seq_1-plate2_primer_well_A1.ab1,BRE-primer_well_E1.ab1,"AGGAUUUGAAGGAUUCCAGG,UGAGGCGGGAGCUCUCCCGG,UCCAUGUUCUCUCCAUACUG"
COPS5,COPS5_Seq_1-plate2_primer_well_B1.ab1,COPS5-primer_well_E1.ab1,"UAGUCCAGGGCUUCGCCGCC,CUGAGCUUCCUGCAUGUUGU,CCUCGGCGAUGGCGGCGUCC"
CYLD,CYLD_Seq_1-plate2_primer_well_C1.ab1,CYLD-primer_well_F1.ab1,"AUCGUUCUGUGGGGCAUUCA,AGUUCUCUUUGUUGAUGAAA,GCUGAACCUCUCCUCACAAU"
DMWD,DMWD_Seq_1-plate2_primer_well_D1.ab1,DMWD-primer_well_F1.ab1,"AGGCGGCACCGGAGUCUGGG,GGUUUCUACAAGCUACUCCC,GCAGUCCCCCAUGGCGGCGC"
DNAJB2,DNAJB2_Seq_1-plate2_primer_well_E1.ab1,DNAJB2-primer_well_G1.ab1,"UCCAGGAACUGGCCCAUCUC,CACCUUCCGCAGCCCCGAGG,CACCAAAGAGCUCUGCAAAA"
EIF3F,EIF3F_Seq_1-plate2_primer_well_F1.ab1,EIF3F-primer_well_G1.ab1,"CUCUUAGGUGGCUGUUGACA,CCUCCCCAACUUACCAGCCC,GGUGUCUUUUGCUACUGGAC"
ENY2,ENY2_Seq_1-primer_well_A2.ab1,ENY2-primer_well_A2.ab1,"UGGCUGGAAGGAUCAGUUGA,UUCUGAUCAGGAUUGGUUUG,UUCUGAUCAGGAUUGGUUUG"
EPOP,EPOP_Seq_1-primer_well_B2.ab1,EPOP-primer_well_A2.ab1,"GGACGCCCGGGGCUUGGCAA,AAUUCCUGGGUCCCCCGACA,UGCGCCCCGCCUGGCAGUGC"
FAM175B,FAM175B_Seq_1-primer_well_C2.ab1,FAM175B-primer_well_B2.ab1,"CUUUUCUUUCAGAAAGUCAU,GUCGGGCACGCCGAGGAUGC,GUGAGUGGAAUUGUUGGCAG"
GLTSCR2,GLTSCR2_Seq_1-primer_well_D2.ab1,GLTSCR2-primer_well_B2.ab1,"AGCGCUGGGUCCACCGAAGU,GCGGCUUGCUCAGGAGCCGC,CGGCUACAGGAGCGCACGAG"
ITCH,ITCH_Seq_1-primer_well_E2.ab1,ITCH-primer_well_C2.ab1,"GUAGUUGUGACUUUGCAGCU,GACUUGUCAAUUUGUCUUGA,UGAACAUGUAGUUUCACCAU"
JOSD2,JOSD2_Seq_1-primer_well_F2.ab1,JOSD2-primer_well_C2.ab1,"UCACCUCUUGCAGAUCUCAU,GCUCCAGGCGCUGCCGUUCG,GACGGCAUGUCCCAGGCCCC"
KAT2A,KAT2A_Seq_1-primer_well_G2.ab1,KAT2A-primer_well_D2.ab1,"ACAAAUUGGUGCCCGAGAAG,CGGUGAAAAUGGACCGGAGA,GGGGGAGGCUAUCACAGCUC"
MINDY1,MINDY1_Seq_1-primer_well_H2.ab1,MINDY1-primer_well_D2.ab1,"GGCCCUCCCACCCUCACCUG,CAGGUCAAAGACACUGCACU,AAUGACAGUGCUGCCUAAAC"
MINDY2,MINDY2_Seq_1-plate2_primer_well_A2.ab1,MINDY2-primer_well_E2.ab1,"GAAGAACCUGUCCCUGACGC,GUAUGGGCGGCGGAGACCAG,CCGGACUCGGCUUCUCCCGC"
MINDY3,MINDY3_Seq_1-plate2_primer_well_B2.ab1,MINDY3-primer_well_E2.ab1,"CGUCACAGGCGGACUCUCGC,CCAGGGUACCUUGCGUCCAG,CAUCAGCUCUUUAGUCAGUU"
MYSM1,MYSM1_Seq_1-plate2_primer_well_C2.ab1,MYSM1-primer_well_F2.ab1,"ACUUAGAAAAGAGAGCUUCC,GUUUCAUGCAUUUUACUAUU,AGUAGACAUCACAGAUGAGG"
OTUB1,OTUB1_Seq_1-plate2_primer_well_D2.ab1,OTUB1-primer_well_F2.ab1,"CCCUCCGUGGCUGCAGUUCA,GGCCAGCAGGUCGGCGACAG,GCAGCCGCAGGUAGACCACA"
OTUB2,OTUB2_Seq_1-plate2_primer_well_E2.ab1,OTUB2-primer_well_G2.ab1,"CCCCUCAGGAACUCAGCAAA,GAACUGCUUCUACAGGGCCU,GGAGAUCUUCAAGUGAGUGC"
OTUD1,OTUD1_Seq_1-plate2_primer_well_F2.ab1,OTUD1-primer_well_G2.ab1,"CCGGGGCCCCGGCGGGGUAG,CUGCAGCCCCCGGGAGCCGC,AGCGGCGGCUUCCCGGUGCU"
OTUD3,OTUD3_Seq_1-primer_well_A3.ab1,OTUD3-primer_well_A3.ab1,"CGCCGCCUGCUUUCGGGACA,GUCCCGCUUGCGCUCGGCCU,CGGAAUCGGCCGGAGUCUGG"
OTUD4,OTUD4_Seq_1-primer_well_B4.ab1,OTUD4-primer_well_A3.ab1,"AUUUAAAAUUAUAGCUUAUG,UGAAAAAUUCUUACCUUUUC,GAAAGAUUUUAUAAUUUAUC"
OTUD5,OTUD5_Seq_1-primer_well_C3.ab1,OTUD5-primer_well_B3.ab1,"UGCGCCGACCUCCUCACGCU,GCGGCGACGUCAAGCUCCCG,UGUGGGUGGUGCCGUAGGCG"
OTUD6A,OTUD6A_Seq_1-primer_well_D4.ab1,OTUD6A-primer_well_B3.ab1,"AUGCGCUGCUGUUCACUCUU,GAUCCGGAGCUUAAAAAACU,CCGGUGCUUCUGAGCCAUCU"
OTUD7A,OTUD7A_Seq_1-primer_well_E4.ab1,OTUD7A-primer_well_C3.ab1,"UCGUCCUGCCUCUGCAGGCA,CAUGUGUUCAAUGAAGGGCG,AGUCGCUCAGAGCGGCUGUC"
OTUD7B,OTUD7B_Seq_1-primer_well_F4.ab1,OTUD7B-primer_well_C3.ab1,"CGAUGUCAUCCUGCCGCUGG,CCACUCCCCUCACUAAAGGA,CUGUUCAAAAUCACUGAGGG"
OTULIN,OTULIN_Seq_1-primer_well_G4.ab1,OTULIN-primer_well_D3.ab1,"CGCGAGCGACCGCAUGAGUC,CGGCCACGGCGCGGGACGGC,CGCGGACUCACUGCUCGGCC"
PARK7,PARK7_Seq_1-primer_well_H4.ab1,PARK7-primer_well_D3.ab1,"UAGAUUAAGGUCACCGUUGC,CAGGACAAAUGACCACAUCA,CAUGGAGUUAUUCCUUCAUA"
PSMD14,PSMD14_Seq_1-plate2_primer_well_A3.ab1,PSMD14-primer_well_E3.ab1,"UCUUUGUUUCAGGCCGGAGA,UGGUUGUUGGCUUUCUGGUG,CAUUCAGAGUGUAAAAGGAA"
SART3,SART3_Seq_1-plate2_primer_well_B3.ab1,SART3-primer_well_E3.ab1,"AGAGUUUGAAAGUGCGAUUG,ACACGGAGCGAACUUUCUCA,CCUAACAUUUGGCUAGAGUA"
SHMT2,SHMT2_Seq_1-plate2_primer_well_C3.ab1,SHMT2-primer_well_F3.ab1,"AGCUGGUCAGGAUGGCCAUU,AAACAGGGGCUGGACAGGCC,UGCUGCAGAGGGAGAAGGAC"
STAMBP,STAMBP_Seq_1-plate2_primer_well_D3.ab1,STAMBP-primer_well_F3.ab1,"UUGGUCCUGAUGUCUGACCA,CCAGCUGGGUAGUGCGGUAG,GCAUCCAUUUACUCUGAGGA"
STAMBPL1,STAMBPL1_Seq_1-plate2_primer_well_E3.ab1,STAMBPL1-primer_well_G3.ab1,"AAGAAGCAAGAGUUAGCCCG,CAUUCAGCAAGGAAUUGUUC,AGGAGAGUGGCUAGCAUAAU"
SUPT3H,SUPT3H_Seq_1-plate2_primer_well_F3.ab1,SUPT3H-primer_well_G3.ab1,"AGUUAAACAAGAAAGAAUGG,CUCAACUCUAUUGACCAGAC,CUUCAUGAAGACAAAUUGAG"
TAF10,TAF10_Seq_1-primer_well_A5.ab1,TAF10-primer_well_A4.ab1,"AGAACAAGGCCAGCCCCGCG,AGACCGGGGGCGCGGGGCCC,ACCGGCCCGAUGAGCUGCAG"
TANK,TANK_Seq_1-primer_well_B5.ab1,TANK-primer_well_A4.ab1,"UUUAUAUCAUCUUUAGCCUG,UCAUCUCUGCACAGUCCUCU,CAAUGUCAAGUUUCCACCUA"
TNFAIP3,TNFAIP3_Seq_1-primer_well_C5.ab1,TNFAIP3-primer_well_B4.ab1,"CUUUGUAUUUGAGCAAUAUG,AACCAUGCACCGAUACACAC,UGGAUGAUCUCCCGAAACUG"
TNIP1,TNIP1_Seq_1-primer_well_D5.ab1,TNIP1-primer_well_B4.ab1,"CUGCUCAUUCUUGUGCACCU,CGGCCAGCUCUUCACCCACC,GCAUCAGGUUGCCGUCCUCA"
TRIM21,TRIM21_Seq_1-primer_well_E5.ab1,TRIM21-primer_well_C4.ab1,"UUCCCCCUGUGUGCCCUCUC,AUGUUGGCUAGCUGUCGAUU,CUGCCAGGAAUGCAUCUCUC"
TRRAP,TRRAP_Seq_1-primer_well_F5.ab1,TRRAP-primer_well_C4.ab1,"GGGGCAGGUGCUGGCGGACA,GGACUCAUCGUCGAUGUUCU,UGCAGUCCACCAGGUUCAGC"
UBXN1,UBXN1_Seq_1-primer_well_G5.ab1,UBXN1-primer_well_D4.ab1,"AGCAGCACGACAGCGGCUAC,AGGAACGGGAGGCAUUGGAA,GCAACACAGGAUGUUGGAGC"
UCHL1,UCHL1_Seq_1-primer_well_H5.ab1,UCHL1-primer_well_D4.ab1,"CCUCUCCGCAGGUGCUGUCC,GGAAGAGGAGUCUCUGGGCU,UUUCCCCUCACGGCCCAGGU"
UCHL3,UCHL3_Seq_1-plate2_primer_well_A4.ab1,UCHL3-primer_well_E4.ab1,"UGAAGUAUUCAGAACAGAAG,CAAACAAUCAGCAAUGCCUG,AAUAAAGACAAGAUGCACUU"
UCHL5,UCHL5_Seq_1-plate2_primer_well_B4.ab1,UCHL5-primer_well_E4.ab1,"GGGCCUGGGGUCACGGGAGG,AAUGAGCUCGGUGAAGACCC,AGGGCCAUGACGGGCAAUGC"
UIMC1,UIMC1_Seq_1-plate2_primer_well_C4.ab1,UIMC1-primer_well_F4.ab1,"ACUAACCUCUCCAUCACUAU,CCUCUUCACACUGACAGAAC,UUAAAGAAGUCUCCGAAUCU"
USP1,USP1_Seq_1-plate2_primer_well_D4.ab1,USP1-primer_well_F4.ab1,"AAAUUGCAAAGAAGAUUCUU,CAUUUCGGUUGAACAGCUCC,GGCGACUGCUUAACACACUG"
USP10,USP10_Seq_1-plate2_primer_well_E4.ab1,USP10-primer_well_G4.ab1,"GUGCAGCUUCCUCCAUACAG,GAGAGAACUAGCUUACCAUC,AAAUGGGAAACAAUGUUUAC"
USP11,USP11_Seq_1-plate2_primer_well_F4.ab1,USP11-primer_well_G4.ab1,"GCAGUAGCCCCGCGACUGUU,AAUCCGGAAGUGGCUGUUGA,AAAUCCAGCUGCUGCUGCGG"
USP12,USP12_Seq_1-primer_well_A6.ab1,USP12-primer_well_A5.ab1,"AAUUUUCCUUUAAUAACUUA,CCGGUCAAUGAGCACUAUUU,UUUAUAGGGCGCCAAUGCUU"
USP13,USP13_Seq_1-primer_well_B6.ab1,USP13-primer_well_A5.ab1,"GCGCCGAGGCCAUGCAGCGC,UGCCCACGAUCCGCGUGCCC,UACGGGAGAGUCGUAGGAGA"
USP14,USP14_Seq_1-primer_well_C6.ab1,USP14-primer_well_B5.ab1,"AGUUACUGUAAAAUGGGGAA,UGAACCUCCAAUGGUAUUCA,GCCUGCCAGACAGAAAGUUA"
USP15,USP15_Seq_1-primer_well_D6.ab1,USP15-primer_well_B5.ab1,"GGUACCUAGUCGAUAGUCGC,CAGUUGGGACAAAUACCAGA,GAUAACUCUGGACUUCUCAA"
USP16,USP16_Seq_1-primer_well_E6.ab1,USP16-primer_well_C5.ab1,"GUGUGCAGACACAUUAGAAA,UAUUGUCAGUCUUACAGUCU,GUUUGGCUGUGUCUUAAAUG"
USP17L1,USP17L1_Seq_1-primer_well_F6.ab1,USP17L1-primer_well_C5.ab1,"GACUUCUUGAGCUUUGACAU,GACUUCUUGAGCUUUGACAU,GACUUCUUGAGCUUUGACAU"
USP17L10,USP17L10_Seq_1-primer_well_G6.ab1,USP17L10-primer_well_D5.ab1,"CAAGUGGCGGUUUGUAUGUC,ACAAGGGCCCUCCACAUUCC,ACAAGGGCCCUCCACAUUCC"
USP17L15,USP17L15_Seq_1-primer_well_H6.ab1,USP17L15-primer_well_D5.ab1,"AGCUUCAUGUCAAGGCACUC,AGCUUCAUGUCAAGGCACUC,AGCUUCAUGUCAAGGCACUC"
USP17L2,USP17L2_Seq_1-plate2_primer_well_A5.ab1,USP17L2-primer_well_E5.ab1,"ACACGGGCCUCAGAUGAGAG,ACACGGGCCUCAGAUGAGAG,ACACGGGCCUCAGAUGAGAG"
USP17L7,USP17L7_Seq_1-plate2_primer_well_B5.ab1,USP17L7-primer_well_E5.ab1,"UCCAAUACGCUCCAAAUAUU,CAUCCUCCUGCUCACCUCUA,CAUCCUCCUGCUCACCUCUA"
USP17L8,USP17L8_Seq_1-plate2_primer_well_C5.ab1,USP17L8-primer_well_F5.ab1,"AGACCAGCCCCCACAGCAGC,AGACCAGCCCCCACAGCAGC,AGACCAGCCCCCACAGCAGC"
USP18,USP18_Seq_1-plate2_primer_well_D5.ab1,USP18-primer_well_F5.ab1,"GGAGUGAUCACGAAUGAGCA,GGCUGAGUCCUCGCAGUCCC,AGGGCCUGGGACUACCCUCA"
USP19,USP19_Seq_1-plate2_primer_well_E5.ab1,USP19-primer_well_G5.ab1,"UGGCACAGUCAUCUUUCCCA,ACUGCUUUCUCUCCUGCCAA,CAGGUUUGGGAGUUCAGCGG"
USP2,USP2_Seq_1-plate2_primer_well_F5.ab1,USP2-primer_well_G5.ab1,"CAUAGGUACGGGGACGGGUG,GGCAGCCAGAUUGGCCCCAU,CAUAGUGGGCAUCUGUGUAG"
USP20,USP20_Seq_1-primer_well_A7.ab1,USP20-primer_well_A6.ab1,"CAGGCAGCGAAGGAACUCUU,CGGUGGCGCUGACGGAGGCU,ACAAGAACUCAUCUUCUGAU"
USP21,USP21_Seq_1-primer_well_B7.ab1,USP21-primer_well_A6.ab1,"UGUUACGACCUCUGCCUCCC,CUGGGACGGGGACGGACCUC,GAUCAUGGGGUUCCCCUGCC"
USP22,USP22_Seq_1-primer_well_C7.ab1,USP22-primer_well_B6.ab1,"AGCACUGGUAGAUGGCCCGC,CCCAGGUGCGAGCAGCCCGG,CCUUGCCCCCCAUGGUGUCC"
USP24,USP24_Seq_1-primer_well_D7.ab1,USP24-primer_well_B6.ab1,"UAGCCGCCGUAGUCGAGGCC,AGGGCCUUGCGGAUGGUGGC,GGCCCAAGCCAUGGAAUCGG"
USP25,USP25_Seq_1-primer_well_E7.ab1,USP25-primer_well_C6.ab1,"GAAGGAUAGUAAUGGAAACU,GAAUGCUAAGACCCCUCAGC,CAAUGAUAGAUACAUCAGUG"
USP26,USP26_Seq_1-primer_well_F7.ab1,USP26-primer_well_C6.ab1,"AGGCCGUGGCAUAUUUUCUC,AUAGUGACGGUUACACAAAG,UCAUGCAUCAUGAACGCCAC"
USP27X,USP27X_Seq_1-primer_well_G7.ab1,USP27X-primer_well_D6.ab1,"CAAAUUGCCAAAGAAGAGCA,GGCCUGGCACUGAACACUGC,AGGUGAUUCUUCUUCUCCUC"
USP28,USP28_Seq_1-primer_well_H7.ab1,USP28-primer_well_D6.ab1,"AUACUUCACCGAGUGAUCGG,CGAGUGUUUGGAAGGGGCCA,GAAGGUCUCAUUGUUACAAA"
USP29,USP29_Seq_1-plate2_primer_well_A6.ab1,USP29-primer_well_E6.ab1,"GAAGAACCCAUCAAGUUUAG,UCAUUCAAUACCAACUGUAA,CAGACUCUCAAUGCCAAAAA"
USP3,USP3_Seq_1-plate2_primer_well_B6.ab1,USP3-primer_well_E6.ab1,"CAAUGCAGACGCUGGAGCUC,GCUGCAGCACCAGGACGACG,GCCCGGCAGAGCCGCGGCCU"
USP30,USP30_Seq_1-plate2_primer_well_C6.ab1,USP30-primer_well_F6.ab1,"CGGCUGCAAUGCUGAGCUCC,UGACGGCCGCCCCGGUCCGC,GCCGUCACGGGCCCAAGCUG"
USP31,USP31_Seq_1-plate2_primer_well_D6.ab1,USP31-primer_well_F6.ab1,"GGGCGGCGCCCUCAGAGCUA,CGAGGAAGGCGCGGCCGGCC,UUUCGGAGCGGCCGCGCUGG"
USP32,USP32_Seq_1-plate2_primer_well_E6.ab1,USP32-primer_well_G6.ab1,"AAGAUUACCUCAGCAACCUU,UGGGCCAGCACUGCUUCAUC,UGUAGAGCUAAAACGACUGA"
USP33,USP33_Seq_1-plate2_primer_well_F6.ab1,USP33-primer_well_G6.ab1,"AUGUAGCUGAAAUUUUCAAA,GGACACUGUUUUCUUGUAUU,GUAUUUUUGGAUAGGAAAUU"
USP34,USP34_Seq_1-primer_well_A8.ab1,USP34-primer_well_A7.ab1,"ACCUACUUUGACUAUGAGGU,GAGCACAGUCAAAGAACCAU,UUUAUGCAAGCUCUCGGAUC"
USP35,USP35_Seq_1-primer_well_B8.ab1,USP35-primer_well_A7.ab1,"CCACCAUGGGGGGGAUGUGA,GGCGGAGCUGGUCCACUGCA,GCCUGUCAUGGAGGCCAUCA"
USP36,USP36_Seq_1-primer_well_C8.ab1,USP36-primer_well_B7.ab1,"CUUUAAGGCCUCCAGCUGGU,UUUCUGUAAAAGGACCUUCU,UCCUUCAACUUAUCCACUAU"
USP37,USP37_Seq_1-primer_well_D8.ab1,USP37-primer_well_B7.ab1,"ACUUCAACACCUCUUAGAUC,GUCUUAAUCGAUCCUCUACC,UUACAGGCUUCUGCAAAAAG"
USP38,USP38_Seq_1-primer_well_E8.ab1,USP38-primer_well_C7.ab1,"CUUCAACAAGACCUUCGUGU,AUCCUGGACUACAUUCACAA,UCCGUAACACCUCUACCUGC"
USP39,USP39_Seq_1-primer_well_F8.ab1,USP39-primer_well_C7.ab1,"AGGCGUGAGACUUCAAACCC,AGUAAAACUUGAGGGUGUGG,CACCGUGAUAUCCUCCAAUG"
USP4,USP4_Seq_1-primer_well_G8.ab1,USP4-primer_well_D7.ab1,"GACAACUCUGGGCUAUUUUC,CAGCUGGGACAUGUACAAUG,GGUAUCUUAUUGACAGCCGG"
USP40,USP40_Seq_1-primer_well_H8.ab1,USP40-primer_well_D7.ab1,"GAAAUGAAGAGUCUGAAGAA,UUGGUGAAUUCUCUAGGAGC,UGGAAUACUCCUCUUCAAAC"
USP47,USP47_Seq_1-primer_well_A9.ab1,USP47-primer_well_A8.ab1,"UUUUAGGAGGAUUCCAGUGC,CCGCUUCCAAGAGAAGGUUC,UAGAUGAGUAGGAGUAGCUU"
USP48,USP48_Seq_1-primer_well_B9.ab1,USP48-primer_well_A8.ab1,"AUUCGCGGCGUGUGCAGGUG,GUGCUCCUGCGACACCUCCU,CAUGGCCCCGCGGCUGCAGC"
USP49,USP49_Seq_1-primer_well_C9.ab1,USP49-primer_well_B8.ab1,"CUGGCCCCGGACCGCCAGGA,UGAGCACGUAGUCCUUGCAC,GACGGGACACCCGCUAGCCA"
USP5,USP5_Seq_1-plate2_primer_well_B7.ab1,USP5-primer_well_B8.ab1,"UGUCAUGGCGGAGCUGAGUG,GGUCCCUAAGGCUGGAGACC,UGGGCUUACCGGCGUGUCGA"
USP50,USP50_Seq_1-primer_well_E9.ab1,USP50-primer_well_C8.ab1,"UGGUGGAAUACUUUCUCACC,UGUCACUGGCUUGUGGAACU,CUAUGAUACCCUUCCAGUUA"
USP51,USP51_Seq_1-plate2_primer_well_D7.ab1,USP51-primer_well_C8.ab1,"CAAGAUUGAUUAGCCCUCUC,AAAGGAACAGGAGCCAAAAU,AUCAACAGUUUAUGACAUCA"
USP53,USP53_Seq_1-primer_well_G9.ab1,USP53-primer_well_D8.ab1,"AAGUUGCUUGAAAAUGGCAU,CUUGGAAAAGUUUAUCAGCC,AGAAAGCAGCUGUUUUGUCC"
USP54,USP54_Seq_1-primer_well_H9.ab1,USP54-primer_well_D8.ab1,"GUCCUAGGAGGUUUUUUGUC,GAUCCAUAACAGACCAUCCC,GAUGGUUUGGAGGCAUUUCU"
USP6,USP6_Seq_1-plate2_primer_well_A8.ab1,USP6-primer_well_E8.ab1,"CAAGGACCCUUGCUCGCGUU,AGACCCUCUGCAAGGGGUAU,GAAAAACGAGAUGCCCAUGG"
USP7,USP7_Seq_1-plate2_primer_well_B8.ab1,USP7-primer_well_E8.ab1,"CUGCACUUGCAUAUAGAGAU,AGCGAUUACAAGAAGAGAAA,UGCAGGUGAAGUUUUACAGG"
USP8,USP8_Seq_1-plate2_primer_well_C8.ab1,USP8-primer_well_F8.ab1,"CUUUUUCCUCAAGUUUUUUC,CACAUUGGCUAAAGGCUCUU,AUUAAAUUUGAAAUACCUUU"
USP9X,USP9X_Seq_1-plate2_primer_well_D8.ab1,USP9X-primer_well_F8.ab1,"UAACAAUACUCAUCGUCUGG,GAAUUUGCAAUGAGGAUUUA,UUCAGGCAACUGAACACUUG"
USP9Y,USP9Y_Seq_1-plate2_primer_well_E8.ab1,USP9Y-primer_well_G8.ab1,"UAACAAUACUCAUCGCCUAG,ACUUCUAGAACUUCUCGCCA,CGAGCAAAUAAUUCAUCUUC"
VCP,VCP_Seq_1-plate2_primer_well_F8.ab1,VCP-primer_well_G8.ab1,"CACACCUGAUGACAUCCCCU,CUUGUUCUGAUGAGAAGAUU,GAUGAAUUGCAGUUGUUCCG"
VCPIP1,VCPIP1_Seq_1-primer_well_A10.ab1,VCPIP1-primer_well_A9.ab1,"AAUAGACGCGCCUGACACUU,GGCUUUUGAAGCGGAGAGAC,GCCUCAGGGGGAGGAGGUGG"
WDR48,WDR48_Seq_1-primer_well_B10.ab1,WDR48-primer_well_A9.ab1,"CUUUGUUUGCAGUGCCUGUC,UAUACAUCUCUGCUGGCCAA,UGUAUUCUGGUGGAAGGGAC"
YOD1,YOD1_Seq_1-primer_well_C10.ab1,YOD1-primer_well_B9.ab1,"GAUUCCUUACCAGAUUGGAU,CGAGGAUUCGCUGACCGCCG,UGUCCAGCCGGACCCGGGUG"
ASXL1_rep2,ASXL1_Seq_1-primer_well_A1.ab1,ASXL1_rep2-primer_well_A1.ab1,"AGAACAAGCAGGGGUUGCUA,UAGCCUCCCCAUCCUUGUAG,UCUGCAGCACCCGACCUGGA"
ATXN3_rep2,ATXN3_Seq_1-primer_well_B1.ab1,ATXN3_rep2-primer_well_A1.ab1,"AGAUUAUCGCACGUUUUUAC,UGCACAUCAGCUGGAUGAGG,UGCCUGAAUAACUUAUUGCA"
ATXN3L_rep2,ATXN3L_Seq_1-primer_well_C1.ab1,ATXN3L_rep2-primer_well_B1.ab1,"AAAUGCAAGAUACUCUUCAC,AUCAGCUAGAUGAAGAAGAG,AUCUUUCAUGAGAAACAGGA"
ATXN7_rep2,ATXN7_Seq_1-primer_well_D1.ab1,ATXN7_rep2-primer_well_B1.ab1,"CCUUUGCUUUUGGACAGAGA,CAACAACUUGGAACUUGAUG,CUGAAUGGGAUGCAUUGGCC"
ATXN7L3_rep2,ATXN7L3_Seq_1-primer_well_E1.ab1,ATXN7L3_rep2-primer_well_C1.ab1,"CUCACCGGCGGUUGGCGAUU,GCAAUGCUGCGACUGCAAUU,GAUCGUGGACCAGCCGGGCU"
BABAM1_rep2,BABAM1_Seq_1-primer_well_F1.ab1,BABAM1_rep2-primer_well_C1.ab1,"CCACACAGGAGCCAUGGAAG,AGGAGCACUCGGCAGAGCCU,AGUAGGGGCACAGGCCAGCG"
BAP1_rep2,BAP1_Seq_1-primer_well_G1.ab1,BAP1_rep2-primer_well_D1.ab1,"GGUGCCUACCAUGGUCAAUG,GUCAGCUAUGUGCCUAUCAC,UAAGGCCAUUCUGCUUCUCA"
BRCC3_rep2,BRCC3_Seq_1-primer_well_H1.ab1,BRCC3_rep2-primer_well_D1.ab1,"CACAGGUUGGCUGAACUGAC,UGAUACUUACCAACAUGUGA,AAUAACCAUACCCUAUGUAA"
BRE_rep2,BRE_Seq_1-plate2_primer_well_A1.ab1,BRE_rep2-primer_well_E1.ab1,"AGGAUUUGAAGGAUUCCAGG,UGAGGCGGGAGCUCUCCCGG,UCCAUGUUCUCUCCAUACUG"
COPS5_rep2,COPS5_Seq_1-plate2_primer_well_B1.ab1,COPS5_rep2-primer_well_E1.ab1,"UAGUCCAGGGCUUCGCCGCC,CUGAGCUUCCUGCAUGUUGU,CCUCGGCGAUGGCGGCGUCC"
CYLD_rep2,CYLD_Seq_1-plate2_primer_well_C1.ab1,CYLD_rep2-primer_well_F1.ab1,"AUCGUUCUGUGGGGCAUUCA,AGUUCUCUUUGUUGAUGAAA,GCUGAACCUCUCCUCACAAU"
DMWD_rep2,DMWD_Seq_1-plate2_primer_well_D1.ab1,DMWD_rep2-primer_well_F1.ab1,"AGGCGGCACCGGAGUCUGGG,GGUUUCUACAAGCUACUCCC,GCAGUCCCCCAUGGCGGCGC"
DNAJB2_rep2,DNAJB2_Seq_1-plate2_primer_well_E1.ab1,DNAJB2_rep2-primer_well_G1.ab1,"UCCAGGAACUGGCCCAUCUC,CACCUUCCGCAGCCCCGAGG,CACCAAAGAGCUCUGCAAAA"
EIF3F_rep2,EIF3F_Seq_1-plate2_primer_well_F1.ab1,EIF3F_rep2-primer_well_G1.ab1,"CUCUUAGGUGGCUGUUGACA,CCUCCCCAACUUACCAGCCC,GGUGUCUUUUGCUACUGGAC"
ENY2_rep2,ENY2_Seq_1-primer_well_A2.ab1,ENY2_rep2-primer_well_A2.ab1,"UGGCUGGAAGGAUCAGUUGA,UUCUGAUCAGGAUUGGUUUG,UUCUGAUCAGGAUUGGUUUG"
EPOP_rep2,EPOP_Seq_1-primer_well_B2.ab1,EPOP_rep2-primer_well_A2.ab1,"GGACGCCCGGGGCUUGGCAA,AAUUCCUGGGUCCCCCGACA,UGCGCCCCGCCUGGCAGUGC"
FAM175B_rep2,FAM175B_Seq_1-primer_well_C2.ab1,FAM175B_rep2-primer_well_B2.ab1,"CUUUUCUUUCAGAAAGUCAU,GUCGGGCACGCCGAGGAUGC,GUGAGUGGAAUUGUUGGCAG"
GLTSCR2_rep2,GLTSCR2_Seq_1-primer_well_D2.ab1,GLTSCR2_rep2-primer_well_B2.ab1,"AGCGCUGGGUCCACCGAAGU,GCGGCUUGCUCAGGAGCCGC,CGGCUACAGGAGCGCACGAG"
ITCH_rep2,ITCH_Seq_1-primer_well_E2.ab1,ITCH_rep2-primer_well_C2.ab1,"GUAGUUGUGACUUUGCAGCU,GACUUGUCAAUUUGUCUUGA,UGAACAUGUAGUUUCACCAU"
JOSD2_rep2,JOSD2_Seq_1-primer_well_F2.ab1,JOSD2_rep2-primer_well_C2.ab1,"UCACCUCUUGCAGAUCUCAU,GCUCCAGGCGCUGCCGUUCG,GACGGCAUGUCCCAGGCCCC"
KAT2A_rep2,KAT2A_Seq_1-primer_well_G2.ab1,KAT2A_rep2-primer_well_D2.ab1,"ACAAAUUGGUGCCCGAGAAG,CGGUGAAAAUGGACCGGAGA,GGGGGAGGCUAUCACAGCUC"
MINDY1_rep2,MINDY1_Seq_1-primer_well_H2.ab1,MINDY1_rep2-primer_well_D2.ab1,"GGCCCUCCCACCCUCACCUG,CAGGUCAAAGACACUGCACU,AAUGACAGUGCUGCCUAAAC"
MINDY2_rep2,MINDY2_Seq_1-plate2_primer_well_A2.ab1,MINDY2_rep2-primer_well_E2.ab1,"GAAGAACCUGUCCCUGACGC,GUAUGGGCGGCGGAGACCAG,CCGGACUCGGCUUCUCCCGC"
MINDY3_rep2,MINDY3_Seq_1-plate2_primer_well_B2.ab1,MINDY3_rep2-primer_well_E2.ab1,"CGUCACAGGCGGACUCUCGC,CCAGGGUACCUUGCGUCCAG,CAUCAGCUCUUUAGUCAGUU"
MYSM1_rep2,MYSM1_Seq_1-plate2_primer_well_C2.ab1,MYSM1_rep2-primer_well_F2.ab1,"ACUUAGAAAAGAGAGCUUCC,GUUUCAUGCAUUUUACUAUU,AGUAGACAUCACAGAUGAGG"
OTUB1_rep2,OTUB1_Seq_1-plate2_primer_well_D2.ab1,OTUB1_rep2-primer_well_F2.ab1,"CCCUCCGUGGCUGCAGUUCA,GGCCAGCAGGUCGGCGACAG,GCAGCCGCAGGUAGACCACA"
OTUB2_rep2,OTUB2_Seq_1-plate2_primer_well_E2.ab1,OTUB2_rep2-primer_well_G2.ab1,"CCCCUCAGGAACUCAGCAAA,GAACUGCUUCUACAGGGCCU,GGAGAUCUUCAAGUGAGUGC"
OTUD1_rep2,OTUD1_Seq_1-plate2_primer_well_F2.ab1,OTUD1_rep2-primer_well_G2.ab1,"CCGGGGCCCCGGCGGGGUAG,CUGCAGCCCCCGGGAGCCGC,AGCGGCGGCUUCCCGGUGCU"
OTUD3_rep2,OTUD3_Seq_1-primer_well_A3.ab1,OTUD3_rep2-primer_well_A3.ab1,"CGCCGCCUGCUUUCGGGACA,GUCCCGCUUGCGCUCGGCCU,CGGAAUCGGCCGGAGUCUGG"
OTUD4_rep2,OTUD4_Seq_1-primer_well_B4.ab1,OTUD4_rep2-primer_well_A3.ab1,"AUUUAAAAUUAUAGCUUAUG,UGAAAAAUUCUUACCUUUUC,GAAAGAUUUUAUAAUUUAUC"
OTUD5_rep2,OTUD5_Seq_1-primer_well_C3.ab1,OTUD5_rep2-primer_well_B3.ab1,"UGCGCCGACCUCCUCACGCU,GCGGCGACGUCAAGCUCCCG,UGUGGGUGGUGCCGUAGGCG"
OTUD6A_rep2,OTUD6A_Seq_1-primer_well_D4.ab1,OTUD6A_rep2-primer_well_B3.ab1,"AUGCGCUGCUGUUCACUCUU,GAUCCGGAGCUUAAAAAACU,CCGGUGCUUCUGAGCCAUCU"
OTUD7A_rep2,OTUD7A_Seq_1-primer_well_E4.ab1,OTUD7A_rep2-primer_well_C3.ab1,"UCGUCCUGCCUCUGCAGGCA,CAUGUGUUCAAUGAAGGGCG,AGUCGCUCAGAGCGGCUGUC"
OTUD7B_rep2,OTUD7B_Seq_1-primer_well_F4.ab1,OTUD7B_rep2-primer_well_C3.ab1,"CGAUGUCAUCCUGCCGCUGG,CCACUCCCCUCACUAAAGGA,CUGUUCAAAAUCACUGAGGG"
OTULIN_rep2,OTULIN_Seq_1-primer_well_G4.ab1,OTULIN_rep2-primer_well_D3.ab1,"CGCGAGCGACCGCAUGAGUC,CGGCCACGGCGCGGGACGGC,CGCGGACUCACUGCUCGGCC"
PARK7_rep2,PARK7_Seq_1-primer_well_H4.ab1,PARK7_rep2-primer_well_D3.ab1,"UAGAUUAAGGUCACCGUUGC,CAGGACAAAUGACCACAUCA,CAUGGAGUUAUUCCUUCAUA"
PSMD14_rep2,PSMD14_Seq_1-plate2_primer_well_A3.ab1,PSMD14_rep2-primer_well_E3.ab1,"UCUUUGUUUCAGGCCGGAGA,UGGUUGUUGGCUUUCUGGUG,CAUUCAGAGUGUAAAAGGAA"
SART3_rep2,SART3_Seq_1-plate2_primer_well_B3.ab1,SART3_rep2-primer_well_E3.ab1,"AGAGUUUGAAAGUGCGAUUG,ACACGGAGCGAACUUUCUCA,CCUAACAUUUGGCUAGAGUA"
SHMT2_rep2,SHMT2_Seq_1-plate2_primer_well_C3.ab1,SHMT2_rep2-primer_well_F3.ab1,"AGCUGGUCAGGAUGGCCAUU,AAACAGGGGCUGGACAGGCC,UGCUGCAGAGGGAGAAGGAC"
STAMBP_rep2,STAMBP_Seq_1-plate2_primer_well_D3.ab1,STAMBP_rep2-primer_well_F3.ab1,"UUGGUCCUGAUGUCUGACCA,CCAGCUGGGUAGUGCGGUAG,GCAUCCAUUUACUCUGAGGA"
STAMBPL1_rep2,STAMBPL1_Seq_1-plate2_primer_well_E3.ab1,STAMBPL1_rep2-primer_well_G3.ab1,"AAGAAGCAAGAGUUAGCCCG,CAUUCAGCAAGGAAUUGUUC,AGGAGAGUGGCUAGCAUAAU"
SUPT3H_rep2,SUPT3H_Seq_1-plate2_primer_well_F3.ab1,SUPT3H_rep2-primer_well_G3.ab1,"AGUUAAACAAGAAAGAAUGG,CUCAACUCUAUUGACCAGAC,CUUCAUGAAGACAAAUUGAG"
TAF10_rep2,TAF10_Seq_1-primer_well_A5.ab1,TAF10_rep2-primer_well_A4.ab1,"AGAACAAGGCCAGCCCCGCG,AGACCGGGGGCGCGGGGCCC,ACCGGCCCGAUGAGCUGCAG"
TANK_rep2,TANK_Seq_1-primer_well_B5.ab1,TANK_rep2-primer_well_A4.ab1,"UUUAUAUCAUCUUUAGCCUG,UCAUCUCUGCACAGUCCUCU,CAAUGUCAAGUUUCCACCUA"
TNFAIP3_rep2,TNFAIP3_Seq_1-primer_well_C5.ab1,TNFAIP3_rep2-primer_well_B4.ab1,"CUUUGUAUUUGAGCAAUAUG,AACCAUGCACCGAUACACAC,UGGAUGAUCUCCCGAAACUG"
TNIP1_rep2,TNIP1_Seq_1-primer_well_D5.ab1,TNIP1_rep2-primer_well_B4.ab1,"CUGCUCAUUCUUGUGCACCU,CGGCCAGCUCUUCACCCACC,GCAUCAGGUUGCCGUCCUCA"
TRIM21_rep2,TRIM21_Seq_1-primer_well_E5.ab1,TRIM21_rep2-primer_well_C4.ab1,"UUCCCCCUGUGUGCCCUCUC,AUGUUGGCUAGCUGUCGAUU,CUGCCAGGAAUGCAUCUCUC"
TRRAP_rep2,TRRAP_Seq_1-primer_well_F5.ab1,TRRAP_rep2-primer_well_C4.ab1,"GGGGCAGGUGCUGGCGGACA,GGACUCAUCGUCGAUGUUCU,UGCAGUCCACCAGGUUCAGC"
UBXN1_rep2,UBXN1_Seq_1-primer_well_G5.ab1,UBXN1_rep2-primer_well_D4.ab1,"AGCAGCACGACAGCGGCUAC,AGGAACGGGAGGCAUUGGAA,GCAACACAGGAUGUUGGAGC"
UCHL1_rep2,UCHL1_Seq_1-primer_well_H5.ab1,UCHL1_rep2-primer_well_D4.ab1,"CCUCUCCGCAGGUGCUGUCC,GGAAGAGGAGUCUCUGGGCU,UUUCCCCUCACGGCCCAGGU"
UCHL3_rep2,UCHL3_Seq_1-plate2_primer_well_A4.ab1,UCHL3_rep2-primer_well_E4.ab1,"UGAAGUAUUCAGAACAGAAG,CAAACAAUCAGCAAUGCCUG,AAUAAAGACAAGAUGCACUU"
UCHL5_rep2,UCHL5_Seq_1-plate2_primer_well_B4.ab1,UCHL5_rep2-primer_well_E4.ab1,"GGGCCUGGGGUCACGGGAGG,AAUGAGCUCGGUGAAGACCC,AGGGCCAUGACGGGCAAUGC"
UIMC1_rep2,UIMC1_Seq_1-plate2_primer_well_C4.ab1,UIMC1_rep2-primer_well_F4.ab1,"ACUAACCUCUCCAUCACUAU,CCUCUUCACACUGACAGAAC,UUAAAGAAGUCUCCGAAUCU"
USP1_rep2,USP1_Seq_1-plate2_primer_well_D4.ab1,USP1_rep2-primer_well_F4.ab1,"AAAUUGCAAAGAAGAUUCUU,CAUUUCGGUUGAACAGCUCC,GGCGACUGCUUAACACACUG"
USP10_rep2,USP10_Seq_1-plate2_primer_well_E4.ab1,USP10_rep2-primer_well_G4.ab1,"GUGCAGCUUCCUCCAUACAG,GAGAGAACUAGCUUACCAUC,AAAUGGGAAACAAUGUUUAC"
USP11_rep2,USP11_Seq_1-plate2_primer_well_F4.ab1,USP11_rep2-primer_well_G4.ab1,"GCAGUAGCCCCGCGACUGUU,AAUCCGGAAGUGGCUGUUGA,AAAUCCAGCUGCUGCUGCGG"
USP12_rep2,USP12_Seq_1-primer_well_A6.ab1,USP12_rep2-primer_well_A5.ab1,"AAUUUUCCUUUAAUAACUUA,CCGGUCAAUGAGCACUAUUU,UUUAUAGGGCGCCAAUGCUU"
USP13_rep2,USP13_Seq_1-primer_well_B6.ab1,USP13_rep2-primer_well_A5.ab1,"GCGCCGAGGCCAUGCAGCGC,UGCCCACGAUCCGCGUGCCC,UACGGGAGAGUCGUAGGAGA"
USP14_rep2,USP14_Seq_1-primer_well_C6.ab1,USP14_rep2-primer_well_B5.ab1,"AGUUACUGUAAAAUGGGGAA,UGAACCUCCAAUGGUAUUCA,GCCUGCCAGACAGAAAGUUA"
USP15_rep2,USP15_Seq_1-primer_well_D6.ab1,USP15_rep2-primer_well_B5.ab1,"GGUACCUAGUCGAUAGUCGC,CAGUUGGGACAAAUACCAGA,GAUAACUCUGGACUUCUCAA"
USP16_rep2,USP16_Seq_1-primer_well_E6.ab1,USP16_rep2-primer_well_C5.ab1,"GUGUGCAGACACAUUAGAAA,UAUUGUCAGUCUUACAGUCU,GUUUGGCUGUGUCUUAAAUG"
USP17L1_rep2,USP17L1_Seq_1-primer_well_F6.ab1,USP17L1_rep2-primer_well_C5.ab1,"GACUUCUUGAGCUUUGACAU,GACUUCUUGAGCUUUGACAU,GACUUCUUGAGCUUUGACAU"
USP17L10_rep2,USP17L10_Seq_1-primer_well_G6.ab1,USP17L10_rep2-primer_well_D5.ab1,"CAAGUGGCGGUUUGUAUGUC,ACAAGGGCCCUCCACAUUCC,ACAAGGGCCCUCCACAUUCC"
USP17L15_rep2,USP17L15_Seq_1-primer_well_H6.ab1,USP17L15_rep2-primer_well_D5.ab1,"AGCUUCAUGUCAAGGCACUC,AGCUUCAUGUCAAGGCACUC,AGCUUCAUGUCAAGGCACUC"
USP17L2_rep2,USP17L2_Seq_1-plate2_primer_well_A5.ab1,USP17L2_rep2-primer_well_E5.ab1,"ACACGGGCCUCAGAUGAGAG,ACACGGGCCUCAGAUGAGAG,ACACGGGCCUCAGAUGAGAG"
USP17L7_rep2,USP17L7_Seq_1-plate2_primer_well_B5.ab1,USP17L7_rep2-primer_well_E5.ab1,"UCCAAUACGCUCCAAAUAUU,CAUCCUCCUGCUCACCUCUA,CAUCCUCCUGCUCACCUCUA"
USP17L8_rep2,USP17L8_Seq_1-plate2_primer_well_C5.ab1,USP17L8_rep2-primer_well_F5.ab1,"AGACCAGCCCCCACAGCAGC,AGACCAGCCCCCACAGCAGC,AGACCAGCCCCCACAGCAGC"
USP18_rep2,USP18_Seq_1-plate2_primer_well_D5.ab1,USP18_rep2-primer_well_F5.ab1,"GGAGUGAUCACGAAUGAGCA,GGCUGAGUCCUCGCAGUCCC,AGGGCCUGGGACUACCCUCA"
USP19_rep2,USP19_Seq_1-plate2_primer_well_E5.ab1,USP19_rep2-primer_well_G5.ab1,"UGGCACAGUCAUCUUUCCCA,ACUGCUUUCUCUCCUGCCAA,CAGGUUUGGGAGUUCAGCGG"
USP2_rep2,USP2_Seq_1-plate2_primer_well_F5.ab1,USP2_rep2-primer_well_G5.ab1,"CAUAGGUACGGGGACGGGUG,GGCAGCCAGAUUGGCCCCAU,CAUAGUGGGCAUCUGUGUAG"
USP20_rep2,USP20_Seq_1-primer_well_A7.ab1,USP20_rep2-primer_well_A6.ab1,"CAGGCAGCGAAGGAACUCUU,CGGUGGCGCUGACGGAGGCU,ACAAGAACUCAUCUUCUGAU"
USP21_rep2,USP21_Seq_1-primer_well_B7.ab1,USP21_rep2-primer_well_A6.ab1,"UGUUACGACCUCUGCCUCCC,CUGGGACGGGGACGGACCUC,GAUCAUGGGGUUCCCCUGCC"
USP22_rep2,USP22_Seq_1-primer_well_C7.ab1,USP22_rep2-primer_well_B6.ab1,"AGCACUGGUAGAUGGCCCGC,CCCAGGUGCGAGCAGCCCGG,CCUUGCCCCCCAUGGUGUCC"
USP24_rep2,USP24_Seq_1-primer_well_D7.ab1,USP24_rep2-primer_well_B6.ab1,"UAGCCGCCGUAGUCGAGGCC,AGGGCCUUGCGGAUGGUGGC,GGCCCAAGCCAUGGAAUCGG"
USP25_rep2,USP25_Seq_1-primer_well_E7.ab1,USP25_rep2-primer_well_C6.ab1,"GAAGGAUAGUAAUGGAAACU,GAAUGCUAAGACCCCUCAGC,CAAUGAUAGAUACAUCAGUG"
USP26_rep2,USP26_Seq_1-primer_well_F7.ab1,USP26_rep2-primer_well_C6.ab1,"AGGCCGUGGCAUAUUUUCUC,AUAGUGACGGUUACACAAAG,UCAUGCAUCAUGAACGCCAC"
USP27X_rep2,USP27X_Seq_1-primer_well_G7.ab1,USP27X_rep2-primer_well_D6.ab1,"CAAAUUGCCAAAGAAGAGCA,GGCCUGGCACUGAACACUGC,AGGUGAUUCUUCUUCUCCUC"
USP28_rep2,USP28_Seq_1-primer_well_H7.ab1,USP28_rep2-primer_well_D6.ab1,"AUACUUCACCGAGUGAUCGG,CGAGUGUUUGGAAGGGGCCA,GAAGGUCUCAUUGUUACAAA"
USP29_rep2,USP29_Seq_1-plate2_primer_well_A6.ab1,USP29_rep2-primer_well_E6.ab1,"GAAGAACCCAUCAAGUUUAG,UCAUUCAAUACCAACUGUAA,CAGACUCUCAAUGCCAAAAA"
USP3_rep2,USP3_Seq_1-plate2_primer_well_B6.ab1,USP3_rep2-primer_well_E6.ab1,"CAAUGCAGACGCUGGAGCUC,GCUGCAGCACCAGGACGACG,GCCCGGCAGAGCCGCGGCCU"
USP30_rep2,USP30_Seq_1-plate2_primer_well_C6.ab1,USP30_rep2-primer_well_F6.ab1,"CGGCUGCAAUGCUGAGCUCC,UGACGGCCGCCCCGGUCCGC,GCCGUCACGGGCCCAAGCUG"
USP31_rep2,USP31_Seq_1-plate2_primer_well_D6.ab1,USP31_rep2-primer_well_F6.ab1,"GGGCGGCGCCCUCAGAGCUA,CGAGGAAGGCGCGGCCGGCC,UUUCGGAGCGGCCGCGCUGG"
USP32_rep2,USP32_Seq_1-plate2_primer_well_E6.ab1,USP32_rep2-primer_well_G6.ab1,"AAGAUUACCUCAGCAACCUU,UGGGCCAGCACUGCUUCAUC,UGUAGAGCUAAAACGACUGA"
USP33_rep2,USP33_Seq_1-plate2_primer_well_F6.ab1,USP33_rep2-primer_well_G6.ab1,"AUGUAGCUGAAAUUUUCAAA,GGACACUGUUUUCUUGUAUU,GUAUUUUUGGAUAGGAAAUU"
USP34_rep2,USP34_Seq_1-primer_well_A8.ab1,USP34_rep2-primer_well_A7.ab1,"ACCUACUUUGACUAUGAGGU,GAGCACAGUCAAAGAACCAU,UUUAUGCAAGCUCUCGGAUC"
USP35_rep2,USP35_Seq_1-primer_well_B8.ab1,USP35_rep2-primer_well_A7.ab1,"CCACCAUGGGGGGGAUGUGA,GGCGGAGCUGGUCCACUGCA,GCCUGUCAUGGAGGCCAUCA"
USP36_rep2,USP36_Seq_1-primer_well_C8.ab1,USP36_rep2-primer_well_B7.ab1,"CUUUAAGGCCUCCAGCUGGU,UUUCUGUAAAAGGACCUUCU,UCCUUCAACUUAUCCACUAU"
USP37_rep2,USP37_Seq_1-primer_well_D8.ab1,USP37_rep2-primer_well_B7.ab1,"ACUUCAACACCUCUUAGAUC,GUCUUAAUCGAUCCUCUACC,UUACAGGCUUCUGCAAAAAG"
USP38_rep2,USP38_Seq_1-primer_well_E8.ab1,USP38_rep2-primer_well_C7.ab1,"CUUCAACAAGACCUUCGUGU,AUCCUGGACUACAUUCACAA,UCCGUAACACCUCUACCUGC"
USP39_rep2,USP39_Seq_1-primer_well_F8.ab1,USP39_rep2-primer_well_C7.ab1,"AGGCGUGAGACUUCAAACCC,AGUAAAACUUGAGGGUGUGG,CACCGUGAUAUCCUCCAAUG"
USP4_rep2,USP4_Seq_1-primer_well_G8.ab1,USP4_rep2-primer_well_D7.ab1,"GACAACUCUGGGCUAUUUUC,CAGCUGGGACAUGUACAAUG,GGUAUCUUAUUGACAGCCGG"
USP40_rep2,USP40_Seq_1-primer_well_H8.ab1,USP40_rep2-primer_well_D7.ab1,"GAAAUGAAGAGUCUGAAGAA,UUGGUGAAUUCUCUAGGAGC,UGGAAUACUCCUCUUCAAAC"
USP47_rep2,USP47_Seq_1-primer_well_A9.ab1,USP47_rep2-primer_well_A8.ab1,"UUUUAGGAGGAUUCCAGUGC,CCGCUUCCAAGAGAAGGUUC,UAGAUGAGUAGGAGUAGCUU"
USP48_rep2,USP48_Seq_1-primer_well_B9.ab1,USP48_rep2-primer_well_A8.ab1,"AUUCGCGGCGUGUGCAGGUG,GUGCUCCUGCGACACCUCCU,CAUGGCCCCGCGGCUGCAGC"
USP49_rep2,USP49_Seq_1-primer_well_C9.ab1,USP49_rep2-primer_well_B8.ab1,"CUGGCCCCGGACCGCCAGGA,UGAGCACGUAGUCCUUGCAC,GACGGGACACCCGCUAGCCA"
USP5_rep2,USP5_Seq_1-plate2_primer_well_B7.ab1,USP5_rep2-primer_well_B8.ab1,"UGUCAUGGCGGAGCUGAGUG,GGUCCCUAAGGCUGGAGACC,UGGGCUUACCGGCGUGUCGA"
USP50_rep2,USP50_Seq_1-primer_well_E9.ab1,USP50_rep2-primer_well_C8.ab1,"UGGUGGAAUACUUUCUCACC,UGUCACUGGCUUGUGGAACU,CUAUGAUACCCUUCCAGUUA"
USP51_rep2,USP51_Seq_1-plate2_primer_well_D7.ab1,USP51_rep2-primer_well_C8.ab1,"CAAGAUUGAUUAGCCCUCUC,AAAGGAACAGGAGCCAAAAU,AUCAACAGUUUAUGACAUCA"
USP53_rep2,USP53_Seq_1-primer_well_G9.ab1,USP53_rep2-primer_well_D8.ab1,"AAGUUGCUUGAAAAUGGCAU,CUUGGAAAAGUUUAUCAGCC,AGAAAGCAGCUGUUUUGUCC"
USP54_rep2,USP54_Seq_1-primer_well_H9.ab1,USP54_rep2-primer_well_D8.ab1,"GUCCUAGGAGGUUUUUUGUC,GAUCCAUAACAGACCAUCCC,GAUGGUUUGGAGGCAUUUCU"
USP6_rep2,USP6_Seq_1-plate2_primer_well_A8.ab1,USP6_rep2-primer_well_E8.ab1,"CAAGGACCCUUGCUCGCGUU,AGACCCUCUGCAAGGGGUAU,GAAAAACGAGAUGCCCAUGG"
USP7_rep2,USP7_Seq_1-plate2_primer_well_B8.ab1,USP7_rep2-primer_well_E8.ab1,"CUGCACUUGCAUAUAGAGAU,AGCGAUUACAAGAAGAGAAA,UGCAGGUGAAGUUUUACAGG"
USP8_rep2,USP8_Seq_1-plate2_primer_well_C8.ab1,USP8_rep2-primer_well_F8.ab1,"CUUUUUCCUCAAGUUUUUUC,CACAUUGGCUAAAGGCUCUU,AUUAAAUUUGAAAUACCUUU"
USP9X_rep2,USP9X_Seq_1-plate2_primer_well_D8.ab1,USP9X_rep2-primer_well_F8.ab1,"UAACAAUACUCAUCGUCUGG,GAAUUUGCAAUGAGGAUUUA,UUCAGGCAACUGAACACUUG"
USP9Y_rep2,USP9Y_Seq_1-plate2_primer_well_E8.ab1,USP9Y_rep2-primer_well_G8.ab1,"UAACAAUACUCAUCGCCUAG,ACUUCUAGAACUUCUCGCCA,CGAGCAAAUAAUUCAUCUUC"
VCP_rep2,VCP_Seq_1-plate2_primer_well_F8.ab1,VCP_rep2-primer_well_G8.ab1,"CACACCUGAUGACAUCCCCU,CUUGUUCUGAUGAGAAGAUU,GAUGAAUUGCAGUUGUUCCG"
VCPIP1_rep2,VCPIP1_Seq_1-primer_well_A10.ab1,VCPIP1_rep2-primer_well_A9.ab1,"AAUAGACGCGCCUGACACUU,GGCUUUUGAAGCGGAGAGAC,GCCUCAGGGGGAGGAGGUGG"
WDR48_rep2,WDR48_Seq_1-primer_well_B10.ab1,WDR48_rep2-primer_well_A9.ab1,"CUUUGUUUGCAGUGCCUGUC,UAUACAUCUCUGCUGGCCAA,UGUAUUCUGGUGGAAGGGAC"
YOD1_rep2,YOD1_Seq_1-primer_well_C10.ab1,YOD1_rep2-primer_well_B9.ab1,"GAUUCCUUACCAGAUUGGAU,CGAGGAUUCGCUGACCGCCG,UGUCCAGCCGGACCCGGGUG"