ASXL1,"AGAACAAGCAGGGGUUGCUA,UAGCCUCCCCAUCCUUGUAG,UCUGCAGCACCCGACCUGGA"
ATXN3,"AGAUUAUCGCACGUUUUUAC,UGCACAUCAGCUGGAUGAGG,UGCCUGAAUAACUUAUUGCA"
ATXN3L,"AAAUGCAAGAUACUCUUCAC,AUCAGCUAGAUGAAGAAGAG,AUCUUUCAUGAGAAACAGGA"
ATXN7,"CCUUUGCUUUUGGACAGAGA,CAACAACUUGGAACUUGAUG,CUGAAUGGGAUGCAUUGGCC"
ATXN7L3,"CUCACCGGCGGUUGGCGAUU,GCAAUGCUGCGACUGCAAUU,GAUCGUGGACCAGCCGGGCU"
BABAM1,"CCACACAGGAGCCAUGGAAG,AGGAGCACUCGGCAGAGCCU,AGUAGGGGCACAGGCCAGCG"
BAP1,"GGUGCCUACCAUGGUCAAUG,GUCAGCUAUGUGCCUAUCAC,UAAGGCCAUUCUGCUUCUCA"
BRCC3,"CACAGGUUGGCUGAACUGAC,UGAUACUUACCAACAUGUGA,AAUAACCAUACCCUAUGUAA"
BRE,"AGGAUUUGAAGGAUUCCAGG,UGAGGCGGGAGCUCUCCCGG,UCCAUGUUCUCUCCAUACUG"
COPS5,"UAGUCCAGGGCUUCGCCGCC,CUGAGCUUCCUGCAUGUUGU,CCUCGGCGAUGGCGGCGUCC"
CYLD,"AUCGUUCUGUGGGGCAUUCA,AGUUCUCUUUGUUGAUGAAA,GCUGAACCUCUCCUCACAAU"
DMWD,"AGGCGGCACCGGAGUCUGGG,GGUUUCUACAAGCUACUCCC,GCAGUCCCCCAUGGCGGCGC"
DNAJB2,"UCCAGGAACUGGCCCAUCUC,CACCUUCCGCAGCCCCGAGG,CACCAAAGAGCUCUGCAAAA"
EIF3F,"CUCUUAGGUGGCUGUUGACA,CCUCCCCAACUUACCAGCCC,GGUGUCUUUUGCUACUGGAC"
ENY2,"UGGCUGGAAGGAUCAGUUGA,UUCUGAUCAGGAUUGGUUUG,UUCUGAUCAGGAUUGGUUUG"
EPOP,"GGACGCCCGGGGCUUGGCAA,AAUUCCUGGGUCCCCCGACA,UGCGCCCCGCCUGGCAGUGC"
FAM175B,"CUUUUCUUUCAGAAAGUCAU,GUCGGGCACGCCGAGGAUGC,GUGAGUGGAAUUGUUGGCAG"
GLTSCR2,"AGCGCUGGGUCCACCGAAGU,GCGGCUUGCUCAGGAGCCGC,CGGCUACAGGAGCGCACGAG"
ITCH,"GUAGUUGUGACUUUGCAGCU,GACUUGUCAAUUUGUCUUGA,UGAACAUGUAGUUUCACCAU"
JOSD2,"UCACCUCUUGCAGAUCUCAU,GCUCCAGGCGCUGCCGUUCG,GACGGCAUGUCCCAGGCCCC"
KAT2A,"ACAAAUUGGUGCCCGAGAAG,CGGUGAAAAUGGACCGGAGA,GGGGGAGGCUAUCACAGCUC"
MINDY1,"GGCCCUCCCACCCUCACCUG,CAGGUCAAAGACACUGCACU,AAUGACAGUGCUGCCUAAAC"
MINDY2,"GAAGAACCUGUCCCUGACGC,GUAUGGGCGGCGGAGACCAG,CCGGACUCGGCUUCUCCCGC"
MINDY3,"CGUCACAGGCGGACUCUCGC,CCAGGGUACCUUGCGUCCAG,CAUCAGCUCUUUAGUCAGUU"
MYSM1,"ACUUAGAAAAGAGAGCUUCC,GUUUCAUGCAUUUUACUAUU,AGUAGACAUCACAGAUGAGG"
OTUB1,"CCCUCCGUGGCUGCAGUUCA,GGCCAGCAGGUCGGCGACAG,GCAGCCGCAGGUAGACCACA"
OTUB2,"CCCCUCAGGAACUCAGCAAA,GAACUGCUUCUACAGGGCCU,GGAGAUCUUCAAGUGAGUGC"
OTUD1,"CCGGGGCCCCGGCGGGGUAG,CUGCAGCCCCCGGGAGCCGC,AGCGGCGGCUUCCCGGUGCU"
OTUD3,"CGCCGCCUGCUUUCGGGACA,GUCCCGCUUGCGCUCGGCCU,CGGAAUCGGCCGGAGUCUGG"
OTUD4,"AUUUAAAAUUAUAGCUUAUG,UGAAAAAUUCUUACCUUUUC,GAAAGAUUUUAUAAUUUAUC"
OTUD5,"UGCGCCGACCUCCUCACGCU,GCGGCGACGUCAAGCUCCCG,UGUGGGUGGUGCCGUAGGCG"
OTUD6A,"AUGCGCUGCUGUUCACUCUU,GAUCCGGAGCUUAAAAAACU,CCGGUGCUUCUGAGCCAUCU"
OTUD7A,"UCGUCCUGCCUCUGCAGGCA,CAUGUGUUCAAUGAAGGGCG,AGUCGCUCAGAGCGGCUGUC"
OTUD7B,"CGAUGUCAUCCUGCCGCUGG,CCACUCCCCUCACUAAAGGA,CUGUUCAAAAUCACUGAGGG"
OTULIN,"CGCGAGCGACCGCAUGAGUC,CGGCCACGGCGCGGGACGGC,CGCGGACUCACUGCUCGGCC"
PARK7,"UAGAUUAAGGUCACCGUUGC,CAGGACAAAUGACCACAUCA,CAUGGAGUUAUUCCUUCAUA"
PSMD14,"UCUUUGUUUCAGGCCGGAGA,UGGUUGUUGGCUUUCUGGUG,CAUUCAGAGUGUAAAAGGAA"
SART3,"AGAGUUUGAAAGUGCGAUUG,ACACGGAGCGAACUUUCUCA,CCUAACAUUUGGCUAGAGUA"
SHMT2,"AGCUGGUCAGGAUGGCCAUU,AAACAGGGGCUGGACAGGCC,UGCUGCAGAGGGAGAAGGAC"
STAMBP,"UUGGUCCUGAUGUCUGACCA,CCAGCUGGGUAGUGCGGUAG,GCAUCCAUUUACUCUGAGGA"
STAMBPL1,"AAGAAGCAAGAGUUAGCCCG,CAUUCAGCAAGGAAUUGUUC,AGGAGAGUGGCUAGCAUAAU"
SUPT3H,"AGUUAAACAAGAAAGAAUGG,CUCAACUCUAUUGACCAGAC,CUUCAUGAAGACAAAUUGAG"
TAF10,"AGAACAAGGCCAGCCCCGCG,AGACCGGGGGCGCGGGGCCC,ACCGGCCCGAUGAGCUGCAG"
TANK,"UUUAUAUCAUCUUUAGCCUG,UCAUCUCUGCACAGUCCUCU,CAAUGUCAAGUUUCCACCUA"
TNFAIP3,"CUUUGUAUUUGAGCAAUAUG,AACCAUGCACCGAUACACAC,UGGAUGAUCUCCCGAAACUG"
TNIP1,"CUGCUCAUUCUUGUGCACCU,CGGCCAGCUCUUCACCCACC,GCAUCAGGUUGCCGUCCUCA"
TRIM21,"UUCCCCCUGUGUGCCCUCUC,AUGUUGGCUAGCUGUCGAUU,CUGCCAGGAAUGCAUCUCUC"
TRRAP,"GGGGCAGGUGCUGGCGGACA,GGACUCAUCGUCGAUGUUCU,UGCAGUCCACCAGGUUCAGC"
UBXN1,"AGCAGCACGACAGCGGCUAC,AGGAACGGGAGGCAUUGGAA,GCAACACAGGAUGUUGGAGC"
UCHL1,"CCUCUCCGCAGGUGCUGUCC,GGAAGAGGAGUCUCUGGGCU,UUUCCCCUCACGGCCCAGGU"
UCHL3,"UGAAGUAUUCAGAACAGAAG,CAAACAAUCAGCAAUGCCUG,AAUAAAGACAAGAUGCACUU"
UCHL5,"GGGCCUGGGGUCACGGGAGG,AAUGAGCUCGGUGAAGACCC,AGGGCCAUGACGGGCAAUGC"
UIMC1,"ACUAACCUCUCCAUCACUAU,CCUCUUCACACUGACAGAAC,UUAAAGAAGUCUCCGAAUCU"
USP1,"AAAUUGCAAAGAAGAUUCUU,CAUUUCGGUUGAACAGCUCC,GGCGACUGCUUAACACACUG"
USP10,"GUGCAGCUUCCUCCAUACAG,GAGAGAACUAGCUUACCAUC,AAAUGGGAAACAAUGUUUAC"
USP11,"GCAGUAGCCCCGCGACUGUU,AAUCCGGAAGUGGCUGUUGA,AAAUCCAGCUGCUGCUGCGG"
USP12,"AAUUUUCCUUUAAUAACUUA,CCGGUCAAUGAGCACUAUUU,UUUAUAGGGCGCCAAUGCUU"
USP13,"GCGCCGAGGCCAUGCAGCGC,UGCCCACGAUCCGCGUGCCC,UACGGGAGAGUCGUAGGAGA"
USP14,"AGUUACUGUAAAAUGGGGAA,UGAACCUCCAAUGGUAUUCA,GCCUGCCAGACAGAAAGUUA"
USP15,"GGUACCUAGUCGAUAGUCGC,CAGUUGGGACAAAUACCAGA,GAUAACUCUGGACUUCUCAA"
USP16,"GUGUGCAGACACAUUAGAAA,UAUUGUCAGUCUUACAGUCU,GUUUGGCUGUGUCUUAAAUG"
USP17L1,"GACUUCUUGAGCUUUGACAU,GACUUCUUGAGCUUUGACAU,GACUUCUUGAGCUUUGACAU"
USP17L10,"CAAGUGGCGGUUUGUAUGUC,ACAAGGGCCCUCCACAUUCC,ACAAGGGCCCUCCACAUUCC"
USP17L15,"AGCUUCAUGUCAAGGCACUC,AGCUUCAUGUCAAGGCACUC,AGCUUCAUGUCAAGGCACUC"
USP17L2,"ACACGGGCCUCAGAUGAGAG,ACACGGGCCUCAGAUGAGAG,ACACGGGCCUCAGAUGAGAG"
USP17L7,"UCCAAUACGCUCCAAAUAUU,CAUCCUCCUGCUCACCUCUA,CAUCCUCCUGCUCACCUCUA"
USP17L8,"AGACCAGCCCCCACAGCAGC,AGACCAGCCCCCACAGCAGC,AGACCAGCCCCCACAGCAGC"
USP18,"GGAGUGAUCACGAAUGAGCA,GGCUGAGUCCUCGCAGUCCC,AGGGCCUGGGACUACCCUCA"
USP19,"UGGCACAGUCAUCUUUCCCA,ACUGCUUUCUCUCCUGCCAA,CAGGUUUGGGAGUUCAGCGG"
USP2,"CAUAGGUACGGGGACGGGUG,GGCAGCCAGAUUGGCCCCAU,CAUAGUGGGCAUCUGUGUAG"
USP20,"CAGGCAGCGAAGGAACUCUU,CGGUGGCGCUGACGGAGGCU,ACAAGAACUCAUCUUCUGAU"
USP21,"UGUUACGACCUCUGCCUCCC,CUGGGACGGGGACGGACCUC,GAUCAUGGGGUUCCCCUGCC"
USP22,"AGCACUGGUAGAUGGCCCGC,CCCAGGUGCGAGCAGCCCGG,CCUUGCCCCCCAUGGUGUCC"
USP24,"UAGCCGCCGUAGUCGAGGCC,AGGGCCUUGCGGAUGGUGGC,GGCCCAAGCCAUGGAAUCGG"
USP25,"GAAGGAUAGUAAUGGAAACU,GAAUGCUAAGACCCCUCAGC,CAAUGAUAGAUACAUCAGUG"
USP26,"AGGCCGUGGCAUAUUUUCUC,AUAGUGACGGUUACACAAAG,UCAUGCAUCAUGAACGCCAC"
USP27X,"CAAAUUGCCAAAGAAGAGCA,GGCCUGGCACUGAACACUGC,AGGUGAUUCUUCUUCUCCUC"
USP28,"AUACUUCACCGAGUGAUCGG,CGAGUGUUUGGAAGGGGCCA,GAAGGUCUCAUUGUUACAAA"
USP29,"GAAGAACCCAUCAAGUUUAG,UCAUUCAAUACCAACUGUAA,CAGACUCUCAAUGCCAAAAA"
USP3,"CAAUGCAGACGCUGGAGCUC,GCUGCAGCACCAGGACGACG,GCCCGGCAGAGCCGCGGCCU"
USP30,"CGGCUGCAAUGCUGAGCUCC,UGACGGCCGCCCCGGUCCGC,GCCGUCACGGGCCCAAGCUG"
USP31,"GGGCGGCGCCCUCAGAGCUA,CGAGGAAGGCGCGGCCGGCC,UUUCGGAGCGGCCGCGCUGG"
USP32,"AAGAUUACCUCAGCAACCUU,UGGGCCAGCACUGCUUCAUC,UGUAGAGCUAAAACGACUGA"
USP33,"AUGUAGCUGAAAUUUUCAAA,GGACACUGUUUUCUUGUAUU,GUAUUUUUGGAUAGGAAAUU"
USP34,"ACCUACUUUGACUAUGAGGU,GAGCACAGUCAAAGAACCAU,UUUAUGCAAGCUCUCGGAUC"
USP35,"CCACCAUGGGGGGGAUGUGA,GGCGGAGCUGGUCCACUGCA,GCCUGUCAUGGAGGCCAUCA"
USP36,"CUUUAAGGCCUCCAGCUGGU,UUUCUGUAAAAGGACCUUCU,UCCUUCAACUUAUCCACUAU"
USP37,"ACUUCAACACCUCUUAGAUC,GUCUUAAUCGAUCCUCUACC,UUACAGGCUUCUGCAAAAAG"
USP38,"CUUCAACAAGACCUUCGUGU,AUCCUGGACUACAUUCACAA,UCCGUAACACCUCUACCUGC"
USP39,"AGGCGUGAGACUUCAAACCC,AGUAAAACUUGAGGGUGUGG,CACCGUGAUAUCCUCCAAUG"
USP4,"GACAACUCUGGGCUAUUUUC,CAGCUGGGACAUGUACAAUG,GGUAUCUUAUUGACAGCCGG"
USP40,"GAAAUGAAGAGUCUGAAGAA,UUGGUGAAUUCUCUAGGAGC,UGGAAUACUCCUCUUCAAAC"
USP41,"CCGACUUUCUUUUUUUGAUG,CCUUCAUCCGGAUCAUAUAC,CCUUCAUCCGGAUCAUAUAC"
USP42,"GCUGCCAGGCUGAUUCUGAU,UGAAGACACAGCACCCCAGC,CUCGAAUAAACUACAGCACC"
USP43,"CCAUCCCCUGCUGCAGGACU,CCACCUCAAAAGGUUCUGCC,GAGCGGAAACUUCACCAGCG"
USP44,"UAUAUCUUCCACAGGCAACA,AGUGCCAUUUCUGAGGGUUG,UGGAUACGUGCAAACAUGUU"
USP45,"UUACCUGGAAGCCACACUUG,AAGAAAGAAGAUUCUAUGAU,UGAUAGCAUGACUUACAUGU"
USP46,"UCUUCUGUGUGGCAAUGCUG,CAAGGCCCAGCAAAAGAAGA,GAAGUACAAUGCCUGAAGCA"
USP47,"UUUUAGGAGGAUUCCAGUGC,CCGCUUCCAAGAGAAGGUUC,UAGAUGAGUAGGAGUAGCUU"
USP48,"AUUCGCGGCGUGUGCAGGUG,GUGCUCCUGCGACACCUCCU,CAUGGCCCCGCGGCUGCAGC"
USP49,"CUGGCCCCGGACCGCCAGGA,UGAGCACGUAGUCCUUGCAC,GACGGGACACCCGCUAGCCA"
USP5,"UGUCAUGGCGGAGCUGAGUG,GGUCCCUAAGGCUGGAGACC,UGGGCUUACCGGCGUGUCGA"
USP50,"UGGUGGAAUACUUUCUCACC,UGUCACUGGCUUGUGGAACU,CUAUGAUACCCUUCCAGUUA"
USP51,"CAAGAUUGAUUAGCCCUCUC,AAAGGAACAGGAGCCAAAAU,AUCAACAGUUUAUGACAUCA"
USP53,"AAGUUGCUUGAAAAUGGCAU,CUUGGAAAAGUUUAUCAGCC,AGAAAGCAGCUGUUUUGUCC"
USP54,"GUCCUAGGAGGUUUUUUGUC,GAUCCAUAACAGACCAUCCC,GAUGGUUUGGAGGCAUUUCU"
USP6,"CAAGGACCCUUGCUCGCGUU,AGACCCUCUGCAAGGGGUAU,GAAAAACGAGAUGCCCAUGG"
USP7,"CUGCACUUGCAUAUAGAGAU,AGCGAUUACAAGAAGAGAAA,UGCAGGUGAAGUUUUACAGG"
USP8,"CUUUUUCCUCAAGUUUUUUC,CACAUUGGCUAAAGGCUCUU,AUUAAAUUUGAAAUACCUUU"
USP9X,"UAACAAUACUCAUCGUCUGG,GAAUUUGCAAUGAGGAUUUA,UUCAGGCAACUGAACACUUG"
USP9Y,"UAACAAUACUCAUCGCCUAG,ACUUCUAGAACUUCUCGCCA,CGAGCAAAUAAUUCAUCUUC"
VCP,"CACACCUGAUGACAUCCCCU,CUUGUUCUGAUGAGAAGAUU,GAUGAAUUGCAGUUGUUCCG"
VCPIP1,"AAUAGACGCGCCUGACACUU,GGCUUUUGAAGCGGAGAGAC,GCCUCAGGGGGAGGAGGUGG"
WDR48,"CUUUGUUUGCAGUGCCUGUC,UAUACAUCUCUGCUGGCCAA,UGUAUUCUGGUGGAAGGGAC"
YOD1,"GAUUCCUUACCAGAUUGGAU,CGAGGAUUCGCUGACCGCCG,UGUCCAGCCGGACCCGGGUG"
ZC3H12A,"CGACAGAUUCAUUGUGAAGC,GAGGUCACGGUAUGUGUCGU,AACAUACUUGUCAUUGACGA"
ZRANB1,"AAAAGUGGUUCAAGUGAUGU,CUUGGUCUUGCACUAGAGUC,ACAUGUGUACAUAUUUGAAC"