ATXN3,"AGAUUAUCGCACGUUUUUAC,UGCACAUCAGCUGGAUGAGG,UGCCUGAAUAACUUAUUGCA"
ATXN7,"CCUUUGCUUUUGGACAGAGA,CAACAACUUGGAACUUGAUG,CUGAAUGGGAUGCAUUGGCC"
BABAM1,"CCACACAGGAGCCAUGGAAG,AGGAGCACUCGGCAGAGCCU,AGUAGGGGCACAGGCCAGCG"
BRCC3,"CACAGGUUGGCUGAACUGAC,UGAUACUUACCAACAUGUGA,AAUAACCAUACCCUAUGUAA"
COPS5,"UAGUCCAGGGCUUCGCCGCC,CUGAGCUUCCUGCAUGUUGU,CCUCGGCGAUGGCGGCGUCC"
DMWD,"AGGCGGCACCGGAGUCUGGG,GGUUUCUACAAGCUACUCCC,GCAGUCCCCCAUGGCGGCGC"
EIF3F,"CUCUUAGGUGGCUGUUGACA,CCUCCCCAACUUACCAGCCC,GGUGUCUUUUGCUACUGGAC"
EPOP,"GGACGCCCGGGGCUUGGCAA,AAUUCCUGGGUCCCCCGACA,UGCGCCCCGCCUGGCAGUGC"
GLTSCR2,"AGCGCUGGGUCCACCGAAGU,GCGGCUUGCUCAGGAGCCGC,CGGCUACAGGAGCGCACGAG"
JOSD2,"UCACCUCUUGCAGAUCUCAU,GCUCCAGGCGCUGCCGUUCG,GACGGCAUGUCCCAGGCCCC"
MINDY1,"GGCCCUCCCACCCUCACCUG,CAGGUCAAAGACACUGCACU,AAUGACAGUGCUGCCUAAAC"
MINDY3,"CGUCACAGGCGGACUCUCGC,CCAGGGUACCUUGCGUCCAG,CAUCAGCUCUUUAGUCAGUU"
OTUB1,"CCCUCCGUGGCUGCAGUUCA,GGCCAGCAGGUCGGCGACAG,GCAGCCGCAGGUAGACCACA"
OTUD1,"CCGGGGCCCCGGCGGGGUAG,CUGCAGCCCCCGGGAGCCGC,AGCGGCGGCUUCCCGGUGCU"
OTUD4,"AUUUAAAAUUAUAGCUUAUG,UGAAAAAUUCUUACCUUUUC,GAAAGAUUUUAUAAUUUAUC"
OTUD6A,"AUGCGCUGCUGUUCACUCUU,GAUCCGGAGCUUAAAAAACU,CCGGUGCUUCUGAGCCAUCU"
OTUD7B,"CGAUGUCAUCCUGCCGCUGG,CCACUCCCCUCACUAAAGGA,CUGUUCAAAAUCACUGAGGG"
PARK7,"UAGAUUAAGGUCACCGUUGC,CAGGACAAAUGACCACAUCA,CAUGGAGUUAUUCCUUCAUA"
SART3,"AGAGUUUGAAAGUGCGAUUG,ACACGGAGCGAACUUUCUCA,CCUAACAUUUGGCUAGAGUA"
STAMBP,"UUGGUCCUGAUGUCUGACCA,CCAGCUGGGUAGUGCGGUAG,GCAUCCAUUUACUCUGAGGA"
SUPT3H,"AGUUAAACAAGAAAGAAUGG,CUCAACUCUAUUGACCAGAC,CUUCAUGAAGACAAAUUGAG"
TANK,"UUUAUAUCAUCUUUAGCCUG,UCAUCUCUGCACAGUCCUCU,CAAUGUCAAGUUUCCACCUA"
TNIP1,"CUGCUCAUUCUUGUGCACCU,CGGCCAGCUCUUCACCCACC,GCAUCAGGUUGCCGUCCUCA"
TRRAP,"GGGGCAGGUGCUGGCGGACA,GGACUCAUCGUCGAUGUUCU,UGCAGUCCACCAGGUUCAGC"
UCHL1,"CCUCUCCGCAGGUGCUGUCC,GGAAGAGGAGUCUCUGGGCU,UUUCCCCUCACGGCCCAGGU"
UCHL5,"GGGCCUGGGGUCACGGGAGG,AAUGAGCUCGGUGAAGACCC,AGGGCCAUGACGGGCAAUGC"
USP1,"AAAUUGCAAAGAAGAUUCUU,CAUUUCGGUUGAACAGCUCC,GGCGACUGCUUAACACACUG"
USP2,"CAUAGGUACGGGGACGGGUG,GGCAGCCAGAUUGGCCCCAU,CAUAGUGGGCAUCUGUGUAG"
USP3,"CAAUGCAGACGCUGGAGCUC,GCUGCAGCACCAGGACGACG,GCCCGGCAGAGCCGCGGCCU"
USP5,"UGUCAUGGCGGAGCUGAGUG,GGUCCCUAAGGCUGGAGACC,UGGGCUUACCGGCGUGUCGA"
USP7,"CUGCACUUGCAUAUAGAGAU,AGCGAUUACAAGAAGAGAAA,UGCAGGUGAAGUUUUACAGG"
USP9X,"UAACAAUACUCAUCGUCUGG,GAAUUUGCAAUGAGGAUUUA,UUCAGGCAACUGAACACUUG"
USP11,"GCAGUAGCCCCGCGACUGUU,AAUCCGGAAGUGGCUGUUGA,AAAUCCAGCUGCUGCUGCGG"
USP13,"GCGCCGAGGCCAUGCAGCGC,UGCCCACGAUCCGCGUGCCC,UACGGGAGAGUCGUAGGAGA"
USP15,"GGUACCUAGUCGAUAGUCGC,CAGUUGGGACAAAUACCAGA,GAUAACUCUGGACUUCUCAA"
USP17L1,"GACUUCUUGAGCUUUGACAU,GACUUCUUGAGCUUUGACAU,GACUUCUUGAGCUUUGACAU"
USP17L7,"UCCAAUACGCUCCAAAUAUU,CAUCCUCCUGCUCACCUCUA,CAUCCUCCUGCUCACCUCUA"
USP17L15,"AGCUUCAUGUCAAGGCACUC,AGCUUCAUGUCAAGGCACUC,AGCUUCAUGUCAAGGCACUC"
USP18,"GGAGUGAUCACGAAUGAGCA,GGCUGAGUCCUCGCAGUCCC,AGGGCCUGGGACUACCCUCA"
USP21,"UGUUACGACCUCUGCCUCCC,CUGGGACGGGGACGGACCUC,GAUCAUGGGGUUCCCCUGCC"
USP24,"UAGCCGCCGUAGUCGAGGCC,AGGGCCUUGCGGAUGGUGGC,GGCCCAAGCCAUGGAAUCGG"
USP26,"AGGCCGUGGCAUAUUUUCUC,AUAGUGACGGUUACACAAAG,UCAUGCAUCAUGAACGCCAC"
USP28,"AUACUUCACCGAGUGAUCGG,CGAGUGUUUGGAAGGGGCCA,GAAGGUCUCAUUGUUACAAA"
USP31,"GGGCGGCGCCCUCAGAGCUA,CGAGGAAGGCGCGGCCGGCC,UUUCGGAGCGGCCGCGCUGG"
USP33,"AUGUAGCUGAAAUUUUCAAA,GGACACUGUUUUCUUGUAUU,GUAUUUUUGGAUAGGAAAUU"
USP35,"CCACCAUGGGGGGGAUGUGA,GGCGGAGCUGGUCCACUGCA,GCCUGUCAUGGAGGCCAUCA"
USP37,"ACUUCAACACCUCUUAGAUC,GUCUUAAUCGAUCCUCUACC,UUACAGGCUUCUGCAAAAAG"
USP39,"AGGCGUGAGACUUCAAACCC,AGUAAAACUUGAGGGUGUGG,CACCGUGAUAUCCUCCAAUG"
USP40,"GAAAUGAAGAGUCUGAAGAA,UUGGUGAAUUCUCUAGGAGC,UGGAAUACUCCUCUUCAAAC"
USP42,"GCUGCCAGGCUGAUUCUGAU,UGAAGACACAGCACCCCAGC,CUCGAAUAAACUACAGCACC"
USP44,"UAUAUCUUCCACAGGCAACA,AGUGCCAUUUCUGAGGGUUG,UGGAUACGUGCAAACAUGUU"
USP46,"UCUUCUGUGUGGCAAUGCUG,CAAGGCCCAGCAAAAGAAGA,GAAGUACAAUGCCUGAAGCA"
USP48,"AUUCGCGGCGUGUGCAGGUG,GUGCUCCUGCGACACCUCCU,CAUGGCCCCGCGGCUGCAGC"
USP51,"CAAGAUUGAUUAGCCCUCUC,AAAGGAACAGGAGCCAAAAU,AUCAACAGUUUAUGACAUCA"
USP54,"GUCCUAGGAGGUUUUUUGUC,GAUCCAUAACAGACCAUCCC,GAUGGUUUGGAGGCAUUUCU"
VCP,"CACACCUGAUGACAUCCCCU,CUUGUUCUGAUGAGAAGAUU,GAUGAAUUGCAGUUGUUCCG"
WDR48,"CUUUGUUUGCAGUGCCUGUC,UAUACAUCUCUGCUGGCCAA,UGUAUUCUGGUGGAAGGGAC"
ZC3H12A,"CGACAGAUUCAUUGUGAAGC,GAGGUCACGGUAUGUGUCGU,AACAUACUUGUCAUUGACGA"
